"","trial","id","time","presence"
"1",1,"AG",1,0.735404896421846
"2",1,"AM",1,7.73540489642185
"3",1,"Amazon",1,6.73540489642185
"4",1,"CO2",1,-8.26459510357815
"5",1,"California",1,-3.26459510357815
"6",1,"Capital_K",1,7.73540489642185
"7",1,"Capital_M",1,4.73540489642185
"8",1,"Capital_U",1,3.73540489642185
"9",1,"Capital_Z",1,-1.26459510357815
"10",1,"DO",1,3.73540489642185
"11",1,"Dracula",1,-2.26459510357815
"12",1,"Eiffel_Tower",1,-0.264595103578154
"13",1,"Flash",1,-6.26459510357815
"14",1,"LA",1,-1.26459510357815
"15",1,"Luigi",1,-4.26459510357815
"16",1,"SD",1,-8.26459510357815
"17",1,"aries",1,9.73540489642185
"18",1,"asterisk",1,6.73540489642185
"19",1,"backwards_C",1,3.73540489642185
"20",1,"barnacle",1,5.73540489642185
"21",1,"bathtub",1,-1.26459510357815
"22",1,"battery",1,8.73540489642185
"23",1,"bobby_pin",1,-4.26459510357815
"24",1,"boomerang",1,2.73540489642185
"25",1,"bowtie",1,-2.26459510357815
"26",1,"bucket",1,2.73540489642185
"27",1,"butch",1,-1.26459510357815
"28",1,"candy_corn",1,0.735404896421846
"29",1,"corporal",1,-8.26459510357815
"30",1,"cyclops",1,4.73540489642185
"31",1,"deviled_egg",1,-5.26459510357815
"32",1,"dog_bone",1,-3.26459510357815
"33",1,"eighth_note",1,-5.26459510357815
"34",1,"escape_arrow",1,7.73540489642185
"35",1,"euro",1,2.73540489642185
"36",1,"fishbone",1,-0.264595103578154
"37",1,"half_note",1,-2.26459510357815
"38",1,"heart",1,-6.26459510357815
"39",1,"insect",1,-1.26459510357815
"40",1,"key_hole",1,-1.26459510357815
"41",1,"ladder",1,3.73540489642185
"42",1,"leo",1,-4.26459510357815
"43",1,"libra",1,-4.26459510357815
"44",1,"line_over_blot",1,-1.26459510357815
"45",1,"merge_sign",1,3.73540489642185
"46",1,"molecule",1,-4.26459510357815
"47",1,"mountain",1,-4.26459510357815
"48",1,"nail_polish",1,-4.26459510357815
"49",1,"necktie",1,-0.264595103578154
"50",1,"opera",1,-0.264595103578154
"51",1,"parachute",1,-8.26459510357815
"52",1,"recycling",1,-0.264595103578154
"53",1,"saturn",1,-2.26459510357815
"54",1,"seventy_six",1,4.73540489642185
"55",1,"six",1,-8.26459510357815
"56",1,"smiley",1,0.735404896421846
"57",1,"snake_head",1,4.73540489642185
"58",1,"soda",1,1.73540489642185
"59",1,"tidal_wave",1,-4.26459510357815
"60",1,"AG",3,0.735404896421846
"61",1,"AM",3,0.735404896421846
"62",1,"Amazon",3,-1.26459510357815
"63",1,"CO2",3,-8.26459510357815
"64",1,"California",3,-4.26459510357815
"65",1,"Capital_K",3,-1.26459510357815
"66",1,"Capital_M",3,-1.26459510357815
"67",1,"Capital_U",3,-3.26459510357815
"68",1,"Capital_Z",3,-8.26459510357815
"69",1,"DO",3,-1.26459510357815
"70",1,"Dracula",3,-2.26459510357815
"71",1,"Eiffel_Tower",3,-8.26459510357815
"72",1,"Flash",3,-8.26459510357815
"73",1,"LA",3,-7.26459510357815
"74",1,"Luigi",3,-8.26459510357815
"75",1,"SD",3,-8.26459510357815
"76",1,"aries",3,0.735404896421846
"77",1,"asterisk",3,-0.264595103578154
"78",1,"backwards_C",3,-0.264595103578154
"79",1,"barnacle",3,0.735404896421846
"80",1,"bathtub",3,-4.26459510357815
"81",1,"battery",3,-0.264595103578154
"82",1,"bobby_pin",3,-6.26459510357815
"83",1,"boomerang",3,-3.26459510357815
"84",1,"bowtie",3,-8.26459510357815
"85",1,"bucket",3,-3.26459510357815
"86",1,"butch",3,-6.26459510357815
"87",1,"candy_corn",3,-5.26459510357815
"88",1,"corporal",3,-8.26459510357815
"89",1,"cyclops",3,-4.26459510357815
"90",1,"deviled_egg",3,-7.26459510357815
"91",1,"dog_bone",3,-7.26459510357815
"92",1,"eighth_note",3,-5.26459510357815
"93",1,"escape_arrow",3,-0.264595103578154
"94",1,"euro",3,-3.26459510357815
"95",1,"fishbone",3,-1.26459510357815
"96",1,"half_note",3,-8.26459510357815
"97",1,"heart",3,-8.26459510357815
"98",1,"insect",3,-8.26459510357815
"99",1,"key_hole",3,-8.26459510357815
"100",1,"ladder",3,-2.26459510357815
"101",1,"leo",3,-8.26459510357815
"102",1,"libra",3,-8.26459510357815
"103",1,"line_over_blot",3,-8.26459510357815
"104",1,"merge_sign",3,-3.26459510357815
"105",1,"molecule",3,-8.26459510357815
"106",1,"mountain",3,-8.26459510357815
"107",1,"nail_polish",3,-8.26459510357815
"108",1,"necktie",3,-3.26459510357815
"109",1,"opera",3,-8.26459510357815
"110",1,"parachute",3,-8.26459510357815
"111",1,"recycling",3,-4.26459510357815
"112",1,"saturn",3,-4.26459510357815
"113",1,"seventy_six",3,-3.26459510357815
"114",1,"six",3,-8.26459510357815
"115",1,"smiley",3,-0.264595103578154
"116",1,"snake_head",3,-1.26459510357815
"117",1,"soda",3,-4.26459510357815
"118",1,"tidal_wave",3,-8.26459510357815
"119",1,"AG",7,0.735404896421846
"120",1,"AM",7,7.73540489642185
"121",1,"Amazon",7,13.7354048964218
"122",1,"CO2",7,-4.26459510357815
"123",1,"California",7,1.73540489642185
"124",1,"Capital_K",7,12.7354048964218
"125",1,"Capital_M",7,12.7354048964218
"126",1,"Capital_U",7,3.73540489642185
"127",1,"Capital_Z",7,5.73540489642185
"128",1,"DO",7,6.73540489642185
"129",1,"Dracula",7,3.73540489642185
"130",1,"Eiffel_Tower",7,7.73540489642185
"131",1,"Flash",7,-3.26459510357815
"132",1,"LA",7,3.73540489642185
"133",1,"Luigi",7,-2.26459510357815
"134",1,"SD",7,-2.26459510357815
"135",1,"aries",7,16.7354048964218
"136",1,"asterisk",7,11.7354048964218
"137",1,"backwards_C",7,3.73540489642185
"138",1,"barnacle",7,11.7354048964218
"139",1,"bathtub",7,0.735404896421846
"140",1,"battery",7,13.7354048964218
"141",1,"bobby_pin",7,-2.26459510357815
"142",1,"boomerang",7,9.73540489642185
"143",1,"bowtie",7,0.735404896421846
"144",1,"bucket",7,4.73540489642185
"145",1,"butch",7,4.73540489642185
"146",1,"candy_corn",7,7.73540489642185
"147",1,"corporal",7,-5.26459510357815
"148",1,"cyclops",7,12.7354048964218
"149",1,"deviled_egg",7,-3.26459510357815
"150",1,"dog_bone",7,-1.26459510357815
"151",1,"eighth_note",7,-5.26459510357815
"152",1,"escape_arrow",7,14.7354048964218
"153",1,"euro",7,9.73540489642185
"154",1,"fishbone",7,0.735404896421846
"155",1,"half_note",7,4.73540489642185
"156",1,"heart",7,-5.26459510357815
"157",1,"insect",7,2.73540489642185
"158",1,"key_hole",7,6.73540489642185
"159",1,"ladder",7,8.73540489642185
"160",1,"leo",7,-3.26459510357815
"161",1,"libra",7,1.73540489642185
"162",1,"line_over_blot",7,6.73540489642185
"163",1,"merge_sign",7,4.73540489642185
"164",1,"molecule",7,-4.26459510357815
"165",1,"mountain",7,-2.26459510357815
"166",1,"nail_polish",7,-4.26459510357815
"167",1,"necktie",7,3.73540489642185
"168",1,"opera",7,1.73540489642185
"169",1,"parachute",7,-5.26459510357815
"170",1,"recycling",7,6.73540489642185
"171",1,"saturn",7,-2.26459510357815
"172",1,"seventy_six",7,9.73540489642185
"173",1,"six",7,-4.26459510357815
"174",1,"smiley",7,0.735404896421846
"175",1,"snake_head",7,8.73540489642185
"176",1,"soda",7,3.73540489642185
"177",1,"tidal_wave",7,-3.26459510357815
"178",1,"AG",10,0.735404896421846
"179",1,"AM",10,0.735404896421846
"180",1,"Amazon",10,-1.26459510357815
"181",1,"CO2",10,-8.26459510357815
"182",1,"California",10,-4.26459510357815
"183",1,"Capital_K",10,-1.26459510357815
"184",1,"Capital_M",10,-1.26459510357815
"185",1,"Capital_U",10,-3.26459510357815
"186",1,"Capital_Z",10,-8.26459510357815
"187",1,"DO",10,-1.26459510357815
"188",1,"Dracula",10,-2.26459510357815
"189",1,"Eiffel_Tower",10,-8.26459510357815
"190",1,"Flash",10,-8.26459510357815
"191",1,"LA",10,-7.26459510357815
"192",1,"Luigi",10,-8.26459510357815
"193",1,"SD",10,-8.26459510357815
"194",1,"aries",10,0.735404896421846
"195",1,"asterisk",10,-0.264595103578154
"196",1,"backwards_C",10,-0.264595103578154
"197",1,"barnacle",10,0.735404896421846
"198",1,"bathtub",10,-4.26459510357815
"199",1,"battery",10,-0.264595103578154
"200",1,"bobby_pin",10,-6.26459510357815
"201",1,"boomerang",10,-3.26459510357815
"202",1,"bowtie",10,-8.26459510357815
"203",1,"bucket",10,-3.26459510357815
"204",1,"butch",10,-6.26459510357815
"205",1,"candy_corn",10,-5.26459510357815
"206",1,"corporal",10,-8.26459510357815
"207",1,"cyclops",10,-4.26459510357815
"208",1,"deviled_egg",10,-7.26459510357815
"209",1,"dog_bone",10,-7.26459510357815
"210",1,"eighth_note",10,-5.26459510357815
"211",1,"escape_arrow",10,-0.264595103578154
"212",1,"euro",10,-3.26459510357815
"213",1,"fishbone",10,-1.26459510357815
"214",1,"half_note",10,-8.26459510357815
"215",1,"heart",10,-8.26459510357815
"216",1,"insect",10,-8.26459510357815
"217",1,"key_hole",10,-8.26459510357815
"218",1,"ladder",10,-2.26459510357815
"219",1,"leo",10,-8.26459510357815
"220",1,"libra",10,-8.26459510357815
"221",1,"line_over_blot",10,-8.26459510357815
"222",1,"merge_sign",10,-3.26459510357815
"223",1,"molecule",10,-8.26459510357815
"224",1,"mountain",10,-8.26459510357815
"225",1,"nail_polish",10,-8.26459510357815
"226",1,"necktie",10,-3.26459510357815
"227",1,"opera",10,-8.26459510357815
"228",1,"parachute",10,-8.26459510357815
"229",1,"recycling",10,-4.26459510357815
"230",1,"saturn",10,-4.26459510357815
"231",1,"seventy_six",10,-3.26459510357815
"232",1,"six",10,-8.26459510357815
"233",1,"smiley",10,-0.264595103578154
"234",1,"snake_head",10,-1.26459510357815
"235",1,"soda",10,-4.26459510357815
"236",1,"tidal_wave",10,-8.26459510357815
"237",1,"AG",13,0.735404896421846
"238",1,"AM",13,7.73540489642185
"239",1,"Amazon",13,5.73540489642185
"240",1,"CO2",13,-8.26459510357815
"241",1,"California",13,-3.26459510357815
"242",1,"Capital_K",13,6.73540489642185
"243",1,"Capital_M",13,4.73540489642185
"244",1,"Capital_U",13,3.73540489642185
"245",1,"Capital_Z",13,-2.26459510357815
"246",1,"DO",13,3.73540489642185
"247",1,"Dracula",13,-2.26459510357815
"248",1,"Eiffel_Tower",13,-1.26459510357815
"249",1,"Flash",13,-6.26459510357815
"250",1,"LA",13,-2.26459510357815
"251",1,"Luigi",13,-5.26459510357815
"252",1,"SD",13,-8.26459510357815
"253",1,"aries",13,8.73540489642185
"254",1,"asterisk",13,5.73540489642185
"255",1,"backwards_C",13,3.73540489642185
"256",1,"barnacle",13,4.73540489642185
"257",1,"bathtub",13,-2.26459510357815
"258",1,"battery",13,7.73540489642185
"259",1,"bobby_pin",13,-4.26459510357815
"260",1,"boomerang",13,1.73540489642185
"261",1,"bowtie",13,-3.26459510357815
"262",1,"bucket",13,1.73540489642185
"263",1,"butch",13,-2.26459510357815
"264",1,"candy_corn",13,-0.264595103578154
"265",1,"corporal",13,-8.26459510357815
"266",1,"cyclops",13,3.73540489642185
"267",1,"deviled_egg",13,-6.26459510357815
"268",1,"dog_bone",13,-3.26459510357815
"269",1,"eighth_note",13,-5.26459510357815
"270",1,"escape_arrow",13,6.73540489642185
"271",1,"euro",13,1.73540489642185
"272",1,"fishbone",13,-0.264595103578154
"273",1,"half_note",13,-3.26459510357815
"274",1,"heart",13,-6.26459510357815
"275",1,"insect",13,-1.26459510357815
"276",1,"key_hole",13,-2.26459510357815
"277",1,"ladder",13,2.73540489642185
"278",1,"leo",13,-4.26459510357815
"279",1,"libra",13,-5.26459510357815
"280",1,"line_over_blot",13,-2.26459510357815
"281",1,"merge_sign",13,2.73540489642185
"282",1,"molecule",13,-4.26459510357815
"283",1,"mountain",13,-5.26459510357815
"284",1,"nail_polish",13,-4.26459510357815
"285",1,"necktie",13,-1.26459510357815
"286",1,"opera",13,-1.26459510357815
"287",1,"parachute",13,-8.26459510357815
"288",1,"recycling",13,-1.26459510357815
"289",1,"saturn",13,-3.26459510357815
"290",1,"seventy_six",13,3.73540489642185
"291",1,"six",13,-8.26459510357815
"292",1,"smiley",13,0.735404896421846
"293",1,"snake_head",13,3.73540489642185
"294",1,"soda",13,0.735404896421846
"295",1,"tidal_wave",13,-4.26459510357815
"296",1,"AG",15,0.735404896421846
"297",1,"AM",15,3.73540489642185
"298",1,"Amazon",15,0.735404896421846
"299",1,"CO2",15,-8.26459510357815
"300",1,"California",15,-3.26459510357815
"301",1,"Capital_K",15,1.73540489642185
"302",1,"Capital_M",15,0.735404896421846
"303",1,"Capital_U",15,-0.264595103578154
"304",1,"Capital_Z",15,-7.26459510357815
"305",1,"DO",15,-0.264595103578154
"306",1,"Dracula",15,-2.26459510357815
"307",1,"Eiffel_Tower",15,-6.26459510357815
"308",1,"Flash",15,-7.26459510357815
"309",1,"LA",15,-5.26459510357815
"310",1,"Luigi",15,-7.26459510357815
"311",1,"SD",15,-8.26459510357815
"312",1,"aries",15,3.73540489642185
"313",1,"asterisk",15,1.73540489642185
"314",1,"backwards_C",15,1.73540489642185
"315",1,"barnacle",15,0.735404896421846
"316",1,"bathtub",15,-3.26459510357815
"317",1,"battery",15,2.73540489642185
"318",1,"bobby_pin",15,-6.26459510357815
"319",1,"boomerang",15,-2.26459510357815
"320",1,"bowtie",15,-7.26459510357815
"321",1,"bucket",15,-2.26459510357815
"322",1,"butch",15,-6.26459510357815
"323",1,"candy_corn",15,-3.26459510357815
"324",1,"corporal",15,-8.26459510357815
"325",1,"cyclops",15,-1.26459510357815
"326",1,"deviled_egg",15,-7.26459510357815
"327",1,"dog_bone",15,-6.26459510357815
"328",1,"eighth_note",15,-5.26459510357815
"329",1,"escape_arrow",15,2.73540489642185
"330",1,"euro",15,-3.26459510357815
"331",1,"fishbone",15,-0.264595103578154
"332",1,"half_note",15,-8.26459510357815
"333",1,"heart",15,-7.26459510357815
"334",1,"insect",15,-6.26459510357815
"335",1,"key_hole",15,-6.26459510357815
"336",1,"ladder",15,-0.264595103578154
"337",1,"leo",15,-7.26459510357815
"338",1,"libra",15,-7.26459510357815
"339",1,"line_over_blot",15,-7.26459510357815
"340",1,"merge_sign",15,-2.26459510357815
"341",1,"molecule",15,-8.26459510357815
"342",1,"mountain",15,-8.26459510357815
"343",1,"nail_polish",15,-8.26459510357815
"344",1,"necktie",15,-3.26459510357815
"345",1,"opera",15,-6.26459510357815
"346",1,"parachute",15,-8.26459510357815
"347",1,"recycling",15,-4.26459510357815
"348",1,"saturn",15,-3.26459510357815
"349",1,"seventy_six",15,-1.26459510357815
"350",1,"six",15,-8.26459510357815
"351",1,"smiley",15,0.735404896421846
"352",1,"snake_head",15,0.735404896421846
"353",1,"soda",15,-2.26459510357815
"354",1,"tidal_wave",15,-8.26459510357815
"355",1,"AG",16,0.735404896421846
"356",1,"AM",16,7.73540489642185
"357",1,"Amazon",16,7.73540489642185
"358",1,"CO2",16,-8.26459510357815
"359",1,"California",16,-3.26459510357815
"360",1,"Capital_K",16,8.73540489642185
"361",1,"Capital_M",16,5.73540489642185
"362",1,"Capital_U",16,3.73540489642185
"363",1,"Capital_Z",16,-0.264595103578154
"364",1,"DO",16,3.73540489642185
"365",1,"Dracula",16,-2.26459510357815
"366",1,"Eiffel_Tower",16,0.735404896421846
"367",1,"Flash",16,-6.26459510357815
"368",1,"LA",16,-0.264595103578154
"369",1,"Luigi",16,-3.26459510357815
"370",1,"SD",16,-8.26459510357815
"371",1,"aries",16,10.7354048964218
"372",1,"asterisk",16,7.73540489642185
"373",1,"backwards_C",16,3.73540489642185
"374",1,"barnacle",16,6.73540489642185
"375",1,"bathtub",16,-0.264595103578154
"376",1,"battery",16,8.73540489642185
"377",1,"bobby_pin",16,-4.26459510357815
"378",1,"boomerang",16,3.73540489642185
"379",1,"bowtie",16,-1.26459510357815
"380",1,"bucket",16,3.73540489642185
"381",1,"butch",16,-0.264595103578154
"382",1,"candy_corn",16,0.735404896421846
"383",1,"corporal",16,-8.26459510357815
"384",1,"cyclops",16,5.73540489642185
"385",1,"deviled_egg",16,-5.26459510357815
"386",1,"dog_bone",16,-3.26459510357815
"387",1,"eighth_note",16,-5.26459510357815
"388",1,"escape_arrow",16,8.73540489642185
"389",1,"euro",16,3.73540489642185
"390",1,"fishbone",16,-0.264595103578154
"391",1,"half_note",16,-1.26459510357815
"392",1,"heart",16,-5.26459510357815
"393",1,"insect",16,-1.26459510357815
"394",1,"key_hole",16,-0.264595103578154
"395",1,"ladder",16,4.73540489642185
"396",1,"leo",16,-4.26459510357815
"397",1,"libra",16,-4.26459510357815
"398",1,"line_over_blot",16,-0.264595103578154
"399",1,"merge_sign",16,3.73540489642185
"400",1,"molecule",16,-4.26459510357815
"401",1,"mountain",16,-3.26459510357815
"402",1,"nail_polish",16,-4.26459510357815
"403",1,"necktie",16,0.735404896421846
"404",1,"opera",16,0.735404896421846
"405",1,"parachute",16,-8.26459510357815
"406",1,"recycling",16,0.735404896421846
"407",1,"saturn",16,-2.26459510357815
"408",1,"seventy_six",16,5.73540489642185
"409",1,"six",16,-8.26459510357815
"410",1,"smiley",16,0.735404896421846
"411",1,"snake_head",16,5.73540489642185
"412",1,"soda",16,2.73540489642185
"413",1,"tidal_wave",16,-3.26459510357815
"414",1,"AG",17,0.735404896421846
"415",1,"AM",17,7.73540489642185
"416",1,"Amazon",17,7.73540489642185
"417",1,"CO2",17,-8.26459510357815
"418",1,"California",17,-3.26459510357815
"419",1,"Capital_K",17,8.73540489642185
"420",1,"Capital_M",17,5.73540489642185
"421",1,"Capital_U",17,3.73540489642185
"422",1,"Capital_Z",17,-0.264595103578154
"423",1,"DO",17,3.73540489642185
"424",1,"Dracula",17,-2.26459510357815
"425",1,"Eiffel_Tower",17,0.735404896421846
"426",1,"Flash",17,-6.26459510357815
"427",1,"LA",17,-0.264595103578154
"428",1,"Luigi",17,-3.26459510357815
"429",1,"SD",17,-8.26459510357815
"430",1,"aries",17,10.7354048964218
"431",1,"asterisk",17,7.73540489642185
"432",1,"backwards_C",17,3.73540489642185
"433",1,"barnacle",17,6.73540489642185
"434",1,"bathtub",17,-0.264595103578154
"435",1,"battery",17,8.73540489642185
"436",1,"bobby_pin",17,-4.26459510357815
"437",1,"boomerang",17,3.73540489642185
"438",1,"bowtie",17,-1.26459510357815
"439",1,"bucket",17,3.73540489642185
"440",1,"butch",17,-0.264595103578154
"441",1,"candy_corn",17,0.735404896421846
"442",1,"corporal",17,-8.26459510357815
"443",1,"cyclops",17,5.73540489642185
"444",1,"deviled_egg",17,-5.26459510357815
"445",1,"dog_bone",17,-3.26459510357815
"446",1,"eighth_note",17,-5.26459510357815
"447",1,"escape_arrow",17,8.73540489642185
"448",1,"euro",17,3.73540489642185
"449",1,"fishbone",17,-0.264595103578154
"450",1,"half_note",17,-1.26459510357815
"451",1,"heart",17,-5.26459510357815
"452",1,"insect",17,-1.26459510357815
"453",1,"key_hole",17,-0.264595103578154
"454",1,"ladder",17,4.73540489642185
"455",1,"leo",17,-4.26459510357815
"456",1,"libra",17,-4.26459510357815
"457",1,"line_over_blot",17,-0.264595103578154
"458",1,"merge_sign",17,3.73540489642185
"459",1,"molecule",17,-4.26459510357815
"460",1,"mountain",17,-3.26459510357815
"461",1,"nail_polish",17,-4.26459510357815
"462",1,"necktie",17,0.735404896421846
"463",1,"opera",17,0.735404896421846
"464",1,"parachute",17,-8.26459510357815
"465",1,"recycling",17,0.735404896421846
"466",1,"saturn",17,-2.26459510357815
"467",1,"seventy_six",17,5.73540489642185
"468",1,"six",17,-8.26459510357815
"469",1,"smiley",17,0.735404896421846
"470",1,"snake_head",17,5.73540489642185
"471",1,"soda",17,2.73540489642185
"472",1,"tidal_wave",17,-3.26459510357815
"473",1,"AG",25,0.735404896421846
"474",1,"AM",25,6.73540489642185
"475",1,"Amazon",25,3.73540489642185
"476",1,"CO2",25,-8.26459510357815
"477",1,"California",25,-3.26459510357815
"478",1,"Capital_K",25,4.73540489642185
"479",1,"Capital_M",25,3.73540489642185
"480",1,"Capital_U",25,1.73540489642185
"481",1,"Capital_Z",25,-4.26459510357815
"482",1,"DO",25,2.73540489642185
"483",1,"Dracula",25,-2.26459510357815
"484",1,"Eiffel_Tower",25,-3.26459510357815
"485",1,"Flash",25,-6.26459510357815
"486",1,"LA",25,-3.26459510357815
"487",1,"Luigi",25,-6.26459510357815
"488",1,"SD",25,-8.26459510357815
"489",1,"aries",25,6.73540489642185
"490",1,"asterisk",25,3.73540489642185
"491",1,"backwards_C",25,2.73540489642185
"492",1,"barnacle",25,3.73540489642185
"493",1,"bathtub",25,-2.26459510357815
"494",1,"battery",25,5.73540489642185
"495",1,"bobby_pin",25,-5.26459510357815
"496",1,"boomerang",25,-0.264595103578154
"497",1,"bowtie",25,-5.26459510357815
"498",1,"bucket",25,-0.264595103578154
"499",1,"butch",25,-4.26459510357815
"500",1,"candy_corn",25,-1.26459510357815
"501",1,"corporal",25,-8.26459510357815
"502",1,"cyclops",25,1.73540489642185
"503",1,"deviled_egg",25,-7.26459510357815
"504",1,"dog_bone",25,-4.26459510357815
"505",1,"eighth_note",25,-5.26459510357815
"506",1,"escape_arrow",25,4.73540489642185
"507",1,"euro",25,-0.264595103578154
"508",1,"fishbone",25,-0.264595103578154
"509",1,"half_note",25,-5.26459510357815
"510",1,"heart",25,-6.26459510357815
"511",1,"insect",25,-3.26459510357815
"512",1,"key_hole",25,-3.26459510357815
"513",1,"ladder",25,1.73540489642185
"514",1,"leo",25,-5.26459510357815
"515",1,"libra",25,-5.26459510357815
"516",1,"line_over_blot",25,-4.26459510357815
"517",1,"merge_sign",25,0.735404896421846
"518",1,"molecule",25,-6.26459510357815
"519",1,"mountain",25,-6.26459510357815
"520",1,"nail_polish",25,-5.26459510357815
"521",1,"necktie",25,-2.26459510357815
"522",1,"opera",25,-3.26459510357815
"523",1,"parachute",25,-8.26459510357815
"524",1,"recycling",25,-2.26459510357815
"525",1,"saturn",25,-3.26459510357815
"526",1,"seventy_six",25,1.73540489642185
"527",1,"six",25,-8.26459510357815
"528",1,"smiley",25,0.735404896421846
"529",1,"snake_head",25,2.73540489642185
"530",1,"soda",25,-0.264595103578154
"531",1,"tidal_wave",25,-5.26459510357815
"532",1,"AG",28,0.735404896421846
"533",1,"AM",28,7.73540489642185
"534",1,"Amazon",28,4.73540489642185
"535",1,"CO2",28,-8.26459510357815
"536",1,"California",28,-3.26459510357815
"537",1,"Capital_K",28,5.73540489642185
"538",1,"Capital_M",28,4.73540489642185
"539",1,"Capital_U",28,2.73540489642185
"540",1,"Capital_Z",28,-3.26459510357815
"541",1,"DO",28,3.73540489642185
"542",1,"Dracula",28,-2.26459510357815
"543",1,"Eiffel_Tower",28,-2.26459510357815
"544",1,"Flash",28,-6.26459510357815
"545",1,"LA",28,-3.26459510357815
"546",1,"Luigi",28,-5.26459510357815
"547",1,"SD",28,-8.26459510357815
"548",1,"aries",28,7.73540489642185
"549",1,"asterisk",28,4.73540489642185
"550",1,"backwards_C",28,3.73540489642185
"551",1,"barnacle",28,4.73540489642185
"552",1,"bathtub",28,-2.26459510357815
"553",1,"battery",28,6.73540489642185
"554",1,"bobby_pin",28,-4.26459510357815
"555",1,"boomerang",28,0.735404896421846
"556",1,"bowtie",28,-4.26459510357815
"557",1,"bucket",28,0.735404896421846
"558",1,"butch",28,-3.26459510357815
"559",1,"candy_corn",28,-0.264595103578154
"560",1,"corporal",28,-8.26459510357815
"561",1,"cyclops",28,2.73540489642185
"562",1,"deviled_egg",28,-6.26459510357815
"563",1,"dog_bone",28,-3.26459510357815
"564",1,"eighth_note",28,-5.26459510357815
"565",1,"escape_arrow",28,5.73540489642185
"566",1,"euro",28,0.735404896421846
"567",1,"fishbone",28,-0.264595103578154
"568",1,"half_note",28,-4.26459510357815
"569",1,"heart",28,-6.26459510357815
"570",1,"insect",28,-2.26459510357815
"571",1,"key_hole",28,-2.26459510357815
"572",1,"ladder",28,2.73540489642185
"573",1,"leo",28,-4.26459510357815
"574",1,"libra",28,-5.26459510357815
"575",1,"line_over_blot",28,-3.26459510357815
"576",1,"merge_sign",28,1.73540489642185
"577",1,"molecule",28,-5.26459510357815
"578",1,"mountain",28,-5.26459510357815
"579",1,"nail_polish",28,-4.26459510357815
"580",1,"necktie",28,-1.26459510357815
"581",1,"opera",28,-2.26459510357815
"582",1,"parachute",28,-8.26459510357815
"583",1,"recycling",28,-2.26459510357815
"584",1,"saturn",28,-3.26459510357815
"585",1,"seventy_six",28,2.73540489642185
"586",1,"six",28,-8.26459510357815
"587",1,"smiley",28,0.735404896421846
"588",1,"snake_head",28,3.73540489642185
"589",1,"soda",28,0.735404896421846
"590",1,"tidal_wave",28,-4.26459510357815
"591",1,"AG",29,0.735404896421846
"592",1,"AM",29,7.73540489642185
"593",1,"Amazon",29,4.73540489642185
"594",1,"CO2",29,-8.26459510357815
"595",1,"California",29,-3.26459510357815
"596",1,"Capital_K",29,5.73540489642185
"597",1,"Capital_M",29,4.73540489642185
"598",1,"Capital_U",29,2.73540489642185
"599",1,"Capital_Z",29,-3.26459510357815
"600",1,"DO",29,3.73540489642185
"601",1,"Dracula",29,-2.26459510357815
"602",1,"Eiffel_Tower",29,-2.26459510357815
"603",1,"Flash",29,-6.26459510357815
"604",1,"LA",29,-3.26459510357815
"605",1,"Luigi",29,-5.26459510357815
"606",1,"SD",29,-8.26459510357815
"607",1,"aries",29,7.73540489642185
"608",1,"asterisk",29,4.73540489642185
"609",1,"backwards_C",29,3.73540489642185
"610",1,"barnacle",29,4.73540489642185
"611",1,"bathtub",29,-2.26459510357815
"612",1,"battery",29,6.73540489642185
"613",1,"bobby_pin",29,-4.26459510357815
"614",1,"boomerang",29,0.735404896421846
"615",1,"bowtie",29,-4.26459510357815
"616",1,"bucket",29,0.735404896421846
"617",1,"butch",29,-3.26459510357815
"618",1,"candy_corn",29,-0.264595103578154
"619",1,"corporal",29,-8.26459510357815
"620",1,"cyclops",29,2.73540489642185
"621",1,"deviled_egg",29,-6.26459510357815
"622",1,"dog_bone",29,-3.26459510357815
"623",1,"eighth_note",29,-5.26459510357815
"624",1,"escape_arrow",29,5.73540489642185
"625",1,"euro",29,0.735404896421846
"626",1,"fishbone",29,-0.264595103578154
"627",1,"half_note",29,-4.26459510357815
"628",1,"heart",29,-6.26459510357815
"629",1,"insect",29,-2.26459510357815
"630",1,"key_hole",29,-2.26459510357815
"631",1,"ladder",29,2.73540489642185
"632",1,"leo",29,-4.26459510357815
"633",1,"libra",29,-5.26459510357815
"634",1,"line_over_blot",29,-3.26459510357815
"635",1,"merge_sign",29,1.73540489642185
"636",1,"molecule",29,-5.26459510357815
"637",1,"mountain",29,-5.26459510357815
"638",1,"nail_polish",29,-4.26459510357815
"639",1,"necktie",29,-1.26459510357815
"640",1,"opera",29,-2.26459510357815
"641",1,"parachute",29,-8.26459510357815
"642",1,"recycling",29,-2.26459510357815
"643",1,"saturn",29,-3.26459510357815
"644",1,"seventy_six",29,2.73540489642185
"645",1,"six",29,-8.26459510357815
"646",1,"smiley",29,0.735404896421846
"647",1,"snake_head",29,3.73540489642185
"648",1,"soda",29,0.735404896421846
"649",1,"tidal_wave",29,-4.26459510357815
"650",1,"AG",37,0.735404896421846
"651",1,"AM",37,7.73540489642185
"652",1,"Amazon",37,7.73540489642185
"653",1,"CO2",37,-8.26459510357815
"654",1,"California",37,-3.26459510357815
"655",1,"Capital_K",37,8.73540489642185
"656",1,"Capital_M",37,5.73540489642185
"657",1,"Capital_U",37,3.73540489642185
"658",1,"Capital_Z",37,-0.264595103578154
"659",1,"DO",37,3.73540489642185
"660",1,"Dracula",37,-2.26459510357815
"661",1,"Eiffel_Tower",37,0.735404896421846
"662",1,"Flash",37,-6.26459510357815
"663",1,"LA",37,-0.264595103578154
"664",1,"Luigi",37,-3.26459510357815
"665",1,"SD",37,-8.26459510357815
"666",1,"aries",37,10.7354048964218
"667",1,"asterisk",37,7.73540489642185
"668",1,"backwards_C",37,3.73540489642185
"669",1,"barnacle",37,6.73540489642185
"670",1,"bathtub",37,-0.264595103578154
"671",1,"battery",37,8.73540489642185
"672",1,"bobby_pin",37,-4.26459510357815
"673",1,"boomerang",37,3.73540489642185
"674",1,"bowtie",37,-1.26459510357815
"675",1,"bucket",37,3.73540489642185
"676",1,"butch",37,-0.264595103578154
"677",1,"candy_corn",37,0.735404896421846
"678",1,"corporal",37,-8.26459510357815
"679",1,"cyclops",37,5.73540489642185
"680",1,"deviled_egg",37,-5.26459510357815
"681",1,"dog_bone",37,-3.26459510357815
"682",1,"eighth_note",37,-5.26459510357815
"683",1,"escape_arrow",37,8.73540489642185
"684",1,"euro",37,3.73540489642185
"685",1,"fishbone",37,-0.264595103578154
"686",1,"half_note",37,-1.26459510357815
"687",1,"heart",37,-5.26459510357815
"688",1,"insect",37,-1.26459510357815
"689",1,"key_hole",37,-0.264595103578154
"690",1,"ladder",37,4.73540489642185
"691",1,"leo",37,-4.26459510357815
"692",1,"libra",37,-4.26459510357815
"693",1,"line_over_blot",37,-0.264595103578154
"694",1,"merge_sign",37,3.73540489642185
"695",1,"molecule",37,-4.26459510357815
"696",1,"mountain",37,-3.26459510357815
"697",1,"nail_polish",37,-4.26459510357815
"698",1,"necktie",37,0.735404896421846
"699",1,"opera",37,0.735404896421846
"700",1,"parachute",37,-8.26459510357815
"701",1,"recycling",37,0.735404896421846
"702",1,"saturn",37,-2.26459510357815
"703",1,"seventy_six",37,5.73540489642185
"704",1,"six",37,-8.26459510357815
"705",1,"smiley",37,0.735404896421846
"706",1,"snake_head",37,5.73540489642185
"707",1,"soda",37,2.73540489642185
"708",1,"tidal_wave",37,-3.26459510357815
"709",1,"AG",39,0.735404896421846
"710",1,"AM",39,7.73540489642185
"711",1,"Amazon",39,8.73540489642185
"712",1,"CO2",39,-8.26459510357815
"713",1,"California",39,-2.26459510357815
"714",1,"Capital_K",39,9.73540489642185
"715",1,"Capital_M",39,6.73540489642185
"716",1,"Capital_U",39,3.73540489642185
"717",1,"Capital_Z",39,0.735404896421846
"718",1,"DO",39,3.73540489642185
"719",1,"Dracula",39,-2.26459510357815
"720",1,"Eiffel_Tower",39,1.73540489642185
"721",1,"Flash",39,-6.26459510357815
"722",1,"LA",39,0.735404896421846
"723",1,"Luigi",39,-2.26459510357815
"724",1,"SD",39,-8.26459510357815
"725",1,"aries",39,11.7354048964218
"726",1,"asterisk",39,8.73540489642185
"727",1,"backwards_C",39,3.73540489642185
"728",1,"barnacle",39,6.73540489642185
"729",1,"bathtub",39,0.735404896421846
"730",1,"battery",39,9.73540489642185
"731",1,"bobby_pin",39,-4.26459510357815
"732",1,"boomerang",39,4.73540489642185
"733",1,"bowtie",39,-0.264595103578154
"734",1,"bucket",39,4.73540489642185
"735",1,"butch",39,0.735404896421846
"736",1,"candy_corn",39,1.73540489642185
"737",1,"corporal",39,-8.26459510357815
"738",1,"cyclops",39,6.73540489642185
"739",1,"deviled_egg",39,-4.26459510357815
"740",1,"dog_bone",39,-2.26459510357815
"741",1,"eighth_note",39,-5.26459510357815
"742",1,"escape_arrow",39,9.73540489642185
"743",1,"euro",39,4.73540489642185
"744",1,"fishbone",39,-0.264595103578154
"745",1,"half_note",39,-0.264595103578154
"746",1,"heart",39,-5.26459510357815
"747",1,"insect",39,-0.264595103578154
"748",1,"key_hole",39,0.735404896421846
"749",1,"ladder",39,5.73540489642185
"750",1,"leo",39,-3.26459510357815
"751",1,"libra",39,-3.26459510357815
"752",1,"line_over_blot",39,0.735404896421846
"753",1,"merge_sign",39,4.73540489642185
"754",1,"molecule",39,-4.26459510357815
"755",1,"mountain",39,-2.26459510357815
"756",1,"nail_polish",39,-4.26459510357815
"757",1,"necktie",39,1.73540489642185
"758",1,"opera",39,1.73540489642185
"759",1,"parachute",39,-8.26459510357815
"760",1,"recycling",39,1.73540489642185
"761",1,"saturn",39,-2.26459510357815
"762",1,"seventy_six",39,6.73540489642185
"763",1,"six",39,-8.26459510357815
"764",1,"smiley",39,0.735404896421846
"765",1,"snake_head",39,6.73540489642185
"766",1,"soda",39,3.73540489642185
"767",1,"tidal_wave",39,-3.26459510357815
"768",1,"AG",40,0.735404896421846
"769",1,"AM",40,7.73540489642185
"770",1,"Amazon",40,8.73540489642185
"771",1,"CO2",40,-8.26459510357815
"772",1,"California",40,-2.26459510357815
"773",1,"Capital_K",40,9.73540489642185
"774",1,"Capital_M",40,6.73540489642185
"775",1,"Capital_U",40,3.73540489642185
"776",1,"Capital_Z",40,0.735404896421846
"777",1,"DO",40,3.73540489642185
"778",1,"Dracula",40,-2.26459510357815
"779",1,"Eiffel_Tower",40,1.73540489642185
"780",1,"Flash",40,-6.26459510357815
"781",1,"LA",40,0.735404896421846
"782",1,"Luigi",40,-2.26459510357815
"783",1,"SD",40,-8.26459510357815
"784",1,"aries",40,11.7354048964218
"785",1,"asterisk",40,8.73540489642185
"786",1,"backwards_C",40,3.73540489642185
"787",1,"barnacle",40,6.73540489642185
"788",1,"bathtub",40,0.735404896421846
"789",1,"battery",40,9.73540489642185
"790",1,"bobby_pin",40,-4.26459510357815
"791",1,"boomerang",40,4.73540489642185
"792",1,"bowtie",40,-0.264595103578154
"793",1,"bucket",40,4.73540489642185
"794",1,"butch",40,0.735404896421846
"795",1,"candy_corn",40,1.73540489642185
"796",1,"corporal",40,-8.26459510357815
"797",1,"cyclops",40,6.73540489642185
"798",1,"deviled_egg",40,-4.26459510357815
"799",1,"dog_bone",40,-2.26459510357815
"800",1,"eighth_note",40,-5.26459510357815
"801",1,"escape_arrow",40,9.73540489642185
"802",1,"euro",40,4.73540489642185
"803",1,"fishbone",40,-0.264595103578154
"804",1,"half_note",40,-0.264595103578154
"805",1,"heart",40,-5.26459510357815
"806",1,"insect",40,-0.264595103578154
"807",1,"key_hole",40,0.735404896421846
"808",1,"ladder",40,5.73540489642185
"809",1,"leo",40,-3.26459510357815
"810",1,"libra",40,-3.26459510357815
"811",1,"line_over_blot",40,0.735404896421846
"812",1,"merge_sign",40,4.73540489642185
"813",1,"molecule",40,-4.26459510357815
"814",1,"mountain",40,-2.26459510357815
"815",1,"nail_polish",40,-4.26459510357815
"816",1,"necktie",40,1.73540489642185
"817",1,"opera",40,1.73540489642185
"818",1,"parachute",40,-8.26459510357815
"819",1,"recycling",40,1.73540489642185
"820",1,"saturn",40,-2.26459510357815
"821",1,"seventy_six",40,6.73540489642185
"822",1,"six",40,-8.26459510357815
"823",1,"smiley",40,0.735404896421846
"824",1,"snake_head",40,6.73540489642185
"825",1,"soda",40,3.73540489642185
"826",1,"tidal_wave",40,-3.26459510357815
"827",1,"AG",43,0.735404896421846
"828",1,"AM",43,7.73540489642185
"829",1,"Amazon",43,13.7354048964218
"830",1,"CO2",43,-4.26459510357815
"831",1,"California",43,1.73540489642185
"832",1,"Capital_K",43,12.7354048964218
"833",1,"Capital_M",43,12.7354048964218
"834",1,"Capital_U",43,3.73540489642185
"835",1,"Capital_Z",43,5.73540489642185
"836",1,"DO",43,6.73540489642185
"837",1,"Dracula",43,3.73540489642185
"838",1,"Eiffel_Tower",43,7.73540489642185
"839",1,"Flash",43,-3.26459510357815
"840",1,"LA",43,3.73540489642185
"841",1,"Luigi",43,-2.26459510357815
"842",1,"SD",43,-2.26459510357815
"843",1,"aries",43,16.7354048964218
"844",1,"asterisk",43,11.7354048964218
"845",1,"backwards_C",43,3.73540489642185
"846",1,"barnacle",43,11.7354048964218
"847",1,"bathtub",43,0.735404896421846
"848",1,"battery",43,13.7354048964218
"849",1,"bobby_pin",43,-2.26459510357815
"850",1,"boomerang",43,9.73540489642185
"851",1,"bowtie",43,0.735404896421846
"852",1,"bucket",43,4.73540489642185
"853",1,"butch",43,4.73540489642185
"854",1,"candy_corn",43,7.73540489642185
"855",1,"corporal",43,-5.26459510357815
"856",1,"cyclops",43,12.7354048964218
"857",1,"deviled_egg",43,-3.26459510357815
"858",1,"dog_bone",43,-1.26459510357815
"859",1,"eighth_note",43,-5.26459510357815
"860",1,"escape_arrow",43,14.7354048964218
"861",1,"euro",43,9.73540489642185
"862",1,"fishbone",43,0.735404896421846
"863",1,"half_note",43,4.73540489642185
"864",1,"heart",43,-5.26459510357815
"865",1,"insect",43,2.73540489642185
"866",1,"key_hole",43,6.73540489642185
"867",1,"ladder",43,8.73540489642185
"868",1,"leo",43,-3.26459510357815
"869",1,"libra",43,1.73540489642185
"870",1,"line_over_blot",43,6.73540489642185
"871",1,"merge_sign",43,4.73540489642185
"872",1,"molecule",43,-4.26459510357815
"873",1,"mountain",43,-2.26459510357815
"874",1,"nail_polish",43,-4.26459510357815
"875",1,"necktie",43,3.73540489642185
"876",1,"opera",43,1.73540489642185
"877",1,"parachute",43,-5.26459510357815
"878",1,"recycling",43,6.73540489642185
"879",1,"saturn",43,-2.26459510357815
"880",1,"seventy_six",43,9.73540489642185
"881",1,"six",43,-4.26459510357815
"882",1,"smiley",43,0.735404896421846
"883",1,"snake_head",43,8.73540489642185
"884",1,"soda",43,3.73540489642185
"885",1,"tidal_wave",43,-3.26459510357815
"886",1,"AG",44,0.735404896421846
"887",1,"AM",44,7.73540489642185
"888",1,"Amazon",44,9.73540489642185
"889",1,"CO2",44,-7.26459510357815
"890",1,"California",44,-0.264595103578154
"891",1,"Capital_K",44,9.73540489642185
"892",1,"Capital_M",44,8.73540489642185
"893",1,"Capital_U",44,3.73540489642185
"894",1,"Capital_Z",44,1.73540489642185
"895",1,"DO",44,4.73540489642185
"896",1,"Dracula",44,-0.264595103578154
"897",1,"Eiffel_Tower",44,3.73540489642185
"898",1,"Flash",44,-6.26459510357815
"899",1,"LA",44,1.73540489642185
"900",1,"Luigi",44,-2.26459510357815
"901",1,"SD",44,-6.26459510357815
"902",1,"aries",44,13.7354048964218
"903",1,"asterisk",44,8.73540489642185
"904",1,"backwards_C",44,3.73540489642185
"905",1,"barnacle",44,8.73540489642185
"906",1,"bathtub",44,0.735404896421846
"907",1,"battery",44,9.73540489642185
"908",1,"bobby_pin",44,-3.26459510357815
"909",1,"boomerang",44,5.73540489642185
"910",1,"bowtie",44,-0.264595103578154
"911",1,"bucket",44,4.73540489642185
"912",1,"butch",44,1.73540489642185
"913",1,"candy_corn",44,3.73540489642185
"914",1,"corporal",44,-8.26459510357815
"915",1,"cyclops",44,8.73540489642185
"916",1,"deviled_egg",44,-3.26459510357815
"917",1,"dog_bone",44,-2.26459510357815
"918",1,"eighth_note",44,-5.26459510357815
"919",1,"escape_arrow",44,11.7354048964218
"920",1,"euro",44,5.73540489642185
"921",1,"fishbone",44,0.735404896421846
"922",1,"half_note",44,0.735404896421846
"923",1,"heart",44,-5.26459510357815
"924",1,"insect",44,-0.264595103578154
"925",1,"key_hole",44,2.73540489642185
"926",1,"ladder",44,5.73540489642185
"927",1,"leo",44,-3.26459510357815
"928",1,"libra",44,-1.26459510357815
"929",1,"line_over_blot",44,2.73540489642185
"930",1,"merge_sign",44,4.73540489642185
"931",1,"molecule",44,-4.26459510357815
"932",1,"mountain",44,-2.26459510357815
"933",1,"nail_polish",44,-4.26459510357815
"934",1,"necktie",44,1.73540489642185
"935",1,"opera",44,1.73540489642185
"936",1,"parachute",44,-7.26459510357815
"937",1,"recycling",44,2.73540489642185
"938",1,"saturn",44,-2.26459510357815
"939",1,"seventy_six",44,6.73540489642185
"940",1,"six",44,-7.26459510357815
"941",1,"smiley",44,0.735404896421846
"942",1,"snake_head",44,6.73540489642185
"943",1,"soda",44,3.73540489642185
"944",1,"tidal_wave",44,-3.26459510357815
"945",1,"AG",51,0.735404896421846
"946",1,"AM",51,7.73540489642185
"947",1,"Amazon",51,12.7354048964218
"948",1,"CO2",51,-5.26459510357815
"949",1,"California",51,1.73540489642185
"950",1,"Capital_K",51,12.7354048964218
"951",1,"Capital_M",51,11.7354048964218
"952",1,"Capital_U",51,3.73540489642185
"953",1,"Capital_Z",51,4.73540489642185
"954",1,"DO",51,6.73540489642185
"955",1,"Dracula",51,2.73540489642185
"956",1,"Eiffel_Tower",51,6.73540489642185
"957",1,"Flash",51,-4.26459510357815
"958",1,"LA",51,3.73540489642185
"959",1,"Luigi",51,-2.26459510357815
"960",1,"SD",51,-3.26459510357815
"961",1,"aries",51,15.7354048964218
"962",1,"asterisk",51,10.7354048964218
"963",1,"backwards_C",51,3.73540489642185
"964",1,"barnacle",51,11.7354048964218
"965",1,"bathtub",51,0.735404896421846
"966",1,"battery",51,12.7354048964218
"967",1,"bobby_pin",51,-2.26459510357815
"968",1,"boomerang",51,8.73540489642185
"969",1,"bowtie",51,0.735404896421846
"970",1,"bucket",51,4.73540489642185
"971",1,"butch",51,3.73540489642185
"972",1,"candy_corn",51,6.73540489642185
"973",1,"corporal",51,-6.26459510357815
"974",1,"cyclops",51,11.7354048964218
"975",1,"deviled_egg",51,-3.26459510357815
"976",1,"dog_bone",51,-2.26459510357815
"977",1,"eighth_note",51,-5.26459510357815
"978",1,"escape_arrow",51,14.7354048964218
"979",1,"euro",51,8.73540489642185
"980",1,"fishbone",51,0.735404896421846
"981",1,"half_note",51,3.73540489642185
"982",1,"heart",51,-5.26459510357815
"983",1,"insect",51,2.73540489642185
"984",1,"key_hole",51,5.73540489642185
"985",1,"ladder",51,7.73540489642185
"986",1,"leo",51,-3.26459510357815
"987",1,"libra",51,0.735404896421846
"988",1,"line_over_blot",51,5.73540489642185
"989",1,"merge_sign",51,4.73540489642185
"990",1,"molecule",51,-4.26459510357815
"991",1,"mountain",51,-2.26459510357815
"992",1,"nail_polish",51,-4.26459510357815
"993",1,"necktie",51,2.73540489642185
"994",1,"opera",51,1.73540489642185
"995",1,"parachute",51,-6.26459510357815
"996",1,"recycling",51,5.73540489642185
"997",1,"saturn",51,-2.26459510357815
"998",1,"seventy_six",51,9.73540489642185
"999",1,"six",51,-4.26459510357815
"1000",1,"smiley",51,0.735404896421846
"1001",1,"snake_head",51,8.73540489642185
"1002",1,"soda",51,3.73540489642185
"1003",1,"tidal_wave",51,-3.26459510357815
"1004",1,"AG",52,0.735404896421846
"1005",1,"AM",52,7.73540489642185
"1006",1,"Amazon",52,14.7354048964218
"1007",1,"CO2",52,-4.26459510357815
"1008",1,"California",52,2.73540489642185
"1009",1,"Capital_K",52,12.7354048964218
"1010",1,"Capital_M",52,13.7354048964218
"1011",1,"Capital_U",52,3.73540489642185
"1012",1,"Capital_Z",52,6.73540489642185
"1013",1,"DO",52,6.73540489642185
"1014",1,"Dracula",52,4.73540489642185
"1015",1,"Eiffel_Tower",52,8.73540489642185
"1016",1,"Flash",52,-2.26459510357815
"1017",1,"LA",52,4.73540489642185
"1018",1,"Luigi",52,-2.26459510357815
"1019",1,"SD",52,-1.26459510357815
"1020",1,"aries",52,17.7354048964218
"1021",1,"asterisk",52,12.7354048964218
"1022",1,"backwards_C",52,3.73540489642185
"1023",1,"barnacle",52,11.7354048964218
"1024",1,"bathtub",52,0.735404896421846
"1025",1,"battery",52,14.7354048964218
"1026",1,"bobby_pin",52,-1.26459510357815
"1027",1,"boomerang",52,10.7354048964218
"1028",1,"bowtie",52,0.735404896421846
"1029",1,"bucket",52,4.73540489642185
"1030",1,"butch",52,4.73540489642185
"1031",1,"candy_corn",52,8.73540489642185
"1032",1,"corporal",52,-4.26459510357815
"1033",1,"cyclops",52,13.7354048964218
"1034",1,"deviled_egg",52,-3.26459510357815
"1035",1,"dog_bone",52,-0.264595103578154
"1036",1,"eighth_note",52,-5.26459510357815
"1037",1,"escape_arrow",52,14.7354048964218
"1038",1,"euro",52,10.7354048964218
"1039",1,"fishbone",52,0.735404896421846
"1040",1,"half_note",52,5.73540489642185
"1041",1,"heart",52,-4.26459510357815
"1042",1,"insect",52,2.73540489642185
"1043",1,"key_hole",52,7.73540489642185
"1044",1,"ladder",52,9.73540489642185
"1045",1,"leo",52,-3.26459510357815
"1046",1,"libra",52,2.73540489642185
"1047",1,"line_over_blot",52,7.73540489642185
"1048",1,"merge_sign",52,4.73540489642185
"1049",1,"molecule",52,-4.26459510357815
"1050",1,"mountain",52,-2.26459510357815
"1051",1,"nail_polish",52,-4.26459510357815
"1052",1,"necktie",52,4.73540489642185
"1053",1,"opera",52,1.73540489642185
"1054",1,"parachute",52,-4.26459510357815
"1055",1,"recycling",52,6.73540489642185
"1056",1,"saturn",52,-2.26459510357815
"1057",1,"seventy_six",52,9.73540489642185
"1058",1,"six",52,-4.26459510357815
"1059",1,"smiley",52,0.735404896421846
"1060",1,"snake_head",52,8.73540489642185
"1061",1,"soda",52,3.73540489642185
"1062",1,"tidal_wave",52,-3.26459510357815
